"query_id","query_name","description","use_when","parameters","fixed_sql","return_grain","return_columns","unit","max_rows","db_role","limitations","enabled"
"OPS_001","current_subscriber_count","기준일 현재 가입자 수를 조회","전체 또는 요금제·연령대별 가입자 수를 확인할 때","as_of_date:date","select as_of_date,plan_id,plan_name,age_band,subscriber_count from ai_operations.v_subscriber_current where as_of_date=$1::date order by subscriber_count desc,plan_id,age_band","기준일×요금제×연령대","as_of_date,plan_id,plan_name,age_band,subscriber_count","명","500","role_operations_reader","가입자는 subscription_start_date<=기준일이며 취소는 고려하지 않음","true"
"OPS_002","plan_adoption","현재 요금제별 가입자 수를 조회","요금제 가입 분포를 확인할 때","as_of_date:date","select plan_id,plan_name,sum(subscriber_count)::integer subscriber_count from ai_operations.v_subscriber_current where as_of_date=$1::date group by plan_id,plan_name order by subscriber_count desc,plan_id","요금제","plan_id,plan_name,subscriber_count","명","200","role_operations_reader","현재 요금제만 사용하며 이력 스냅샷 없음","true"
"OPS_003","daily_usage_trend","기간 내 일별 사용량과 사용 사용자 수를 조회","일별 사용량 추세를 확인할 때","from_date:date,to_date:date","select calendar_date,round(sum(total_usage_mb),1) total_usage_mb,sum(usage_user_count)::integer segment_user_count from ai_operations.v_daily_usage_segment where calendar_date between $1::date and $2::date group by calendar_date order by calendar_date","일자","calendar_date,total_usage_mb,segment_user_count","MB 소수점 1자리","400","role_operations_reader","segment_user_count는 세그먼트별 중복 합계이므로 고유 가입자 수가 아님","true"
"OPS_004","monthly_usage_trend","월별 총사용량을 조회","월간 사용량 추세를 확인할 때","from_month:date,to_month:date","select calendar_month,round(sum(total_usage_mb),1) total_usage_mb from ai_operations.v_monthly_usage_segment where calendar_month between date_trunc('month',$1::date)::date and date_trunc('month',$2::date)::date group by calendar_month order by calendar_month","월","calendar_month,total_usage_mb","MB 소수점 1자리","120","role_operations_reader","전체 누적값은 제공하지 않음","true"
"OPS_005","category_usage","기간 내 카테고리별 사용량을 조회","운영 콘텐츠 카테고리 비중을 확인할 때","from_date:date,to_date:date","select content_category,round(sum(total_usage_mb),1) total_usage_mb from ai_operations.v_daily_usage_segment where calendar_date between $1::date and $2::date group by content_category order by total_usage_mb desc,content_category","카테고리","content_category,total_usage_mb","MB 소수점 1자리","100","role_operations_reader","운영 영역에는 content_detail이 없음","true"
"OPS_006","plan_age_category_usage","요금제·연령대·카테고리별 월 사용량을 조회","세그먼트별 사용 성향을 비교할 때","year_month:text","select plan_id,plan_name,age_band,content_category,round(total_usage_mb,1) total_usage_mb,usage_user_count,round(average_usage_mb,1) average_usage_mb from ai_operations.v_monthly_usage_segment where calendar_month=to_date($1||'-01','YYYY-MM-DD') order by total_usage_mb desc","월×요금제×연령대×카테고리","plan_id,plan_name,age_band,content_category,total_usage_mb,usage_user_count,average_usage_mb","MB 소수점 1자리","2000","role_operations_reader","현재 요금제 기준","true"
"OPS_007","high_usage_customers","최근 N일 고사용 가명 고객을 조회","운영 점검용 고사용 고객군이 필요할 때","days:integer,limit:integer","with m as (select max(calendar_date) d from ai_operations.v_customer_daily_usage) select analysis_user_key,round(sum(total_usage_mb),1) total_usage_mb from ai_operations.v_customer_daily_usage cross join m where calendar_date between m.d-$1::integer+1 and m.d group by analysis_user_key order by total_usage_mb desc limit $2::integer","가명 고객","analysis_user_key,total_usage_mb","MB 소수점 1자리","500","role_operations_reader","이름·원본 user_id 조회 불가","true"
"OPS_008","low_usage_customers","최근 N일 저사용 가명 고객을 조회","저사용 고객군을 확인할 때","days:integer,limit:integer","with m as (select max(calendar_date) d from ai_operations.v_customer_daily_usage) select analysis_user_key,round(sum(total_usage_mb),1) total_usage_mb from ai_operations.v_customer_daily_usage cross join m where calendar_date between m.d-$1::integer+1 and m.d group by analysis_user_key order by total_usage_mb,analysis_user_key limit $2::integer","가명 고객","analysis_user_key,total_usage_mb","MB 소수점 1자리","500","role_operations_reader","사용량이 전혀 없는 고객은 포함하지 않음","true"
"OPS_009","customer_category_concentration","가명 고객별 월 최다 사용 카테고리와 비중을 조회","카테고리 집중 이용 고객을 찾을 때","year_month:text,limit:integer","with x as (select *,sum(total_usage_mb) over(partition by analysis_user_key,calendar_month) all_mb,row_number() over(partition by analysis_user_key,calendar_month order by total_usage_mb desc,content_category) rn from ai_operations.v_customer_monthly_category_usage where calendar_month=to_date($1||'-01','YYYY-MM-DD')) select analysis_user_key,content_category,round(total_usage_mb,1) total_usage_mb,round(total_usage_mb/nullif(all_mb,0),4) usage_ratio from x where rn=1 order by usage_ratio desc,total_usage_mb desc limit $2::integer","가명 고객×월","analysis_user_key,content_category,total_usage_mb,usage_ratio","MB 소수점 1자리; 비율","500","role_operations_reader","운영 카테고리만 사용","true"
"OPS_010","family_bundle_summary","가족결합·인터넷 보유 현황을 집계","결합 운영 현황을 확인할 때","","select has_bundle,has_kt_internet,count(*)::integer family_count,sum(member_count)::integer member_count from ai_operations.v_family_current group by has_bundle,has_kt_internet order by family_count desc","결합 상태","has_bundle,has_kt_internet,family_count,member_count","가족·명","20","role_operations_reader","가명 가족 단위 집계","true"
"OPS_011","service_adoption","선택 서비스별 현재 사용자 수를 조회","서비스 선택 현황을 확인할 때","","select service_id,service_name,service_category,customer_count from ai_operations.v_service_current order by customer_count desc,service_id","서비스","service_id,service_name,service_category,customer_count","명","100","role_operations_reader","서비스 사용량 detail은 개인화 전용","true"
"OPS_012","discount_distribution","할인별 현재 사용자 수를 조회","할인 적용 현황을 확인할 때","","select discount_id,discount_name,policy_domain,customer_count from ai_operations.v_discount_current order by customer_count desc,discount_id","할인","discount_id,discount_name,policy_domain,customer_count","명","100","role_operations_reader","ACTIVE이며 기준일에 유효한 할인","true"
"OPS_013","daily_usage_anomaly","최근 N일 개인 일사용량 z-score 이상치를 조회","비정상 급증 사용량을 점검할 때","days:integer,min_z_score:numeric,limit:integer","with m as (select max(calendar_date) d from ai_operations.v_customer_daily_usage),x as (select u.* from ai_operations.v_customer_daily_usage u cross join m where u.calendar_date between m.d-$1::integer+1 and m.d),s as (select analysis_user_key,avg(total_usage_mb) av,stddev_pop(total_usage_mb) sd from x group by analysis_user_key) select x.analysis_user_key,x.calendar_date,round(x.total_usage_mb,1) total_usage_mb,round((x.total_usage_mb-s.av)/nullif(s.sd,0),2) z_score from x join s using(analysis_user_key) where s.sd>0 and (x.total_usage_mb-s.av)/s.sd>=$2 order by z_score desc limit $3::integer","가명 고객×일자","analysis_user_key,calendar_date,total_usage_mb,z_score","MB 소수점 1자리; z-score","500","role_operations_reader","통계 탐지이며 장애 판정이 아님","true"
"OPS_014","plan_catalog","현재 요금제 카탈로그를 조회","운영 지표와 요금제를 함께 검토할 때","limit:integer","select * from ai_operations.v_plan_catalog order by monthly_fee,plan_id limit $1::integer","요금제","plan_id,plan_name,plan_family,plan_category,monthly_fee,data_limit_gb,is_unlimited","원; GB","200","role_operations_reader","현재 마스터만 제공","true"
"OPS_015","available_date_range","운영 사용량의 조회 가능 기간을 조회","질문에 사용할 날짜 범위를 결정할 때","","select min(calendar_date) min_date,max(calendar_date) max_date from ai_operations.v_daily_usage_segment","전체","min_date,max_date","날짜","1","role_operations_reader","최대일은 적재 워터마크 이하","true"
"OPS_016","plan_age_benefits","요금제별 연령 혜택을 조회","연령대에 맞는 요금제 혜택 정책을 확인할 때","plan_id:text","select * from ai_operations.v_plan_age_benefits where plan_id=$1 order by min_age,age_benefit_id","요금제×연령 혜택","plan_id,plan_name,age_benefit_id,benefit_name,min_age,max_age,bonus_data_gb,bonus_shared_data_gb,bonus_voice_minutes,bonus_sms_count,bonus_video_minutes","GB; 분; 건","100","role_operations_reader","현재 마스터만 제공","true"
