"query_id","query_name","parameters","fixed_sql","output","data_sources","return_grain","db_role","limitations"
"OPS_ANALYSIS_001","연령대별 가입 요금제 구성","[{""position"":1,""name"":""as_of_date"",""type"":""date"",""required"":true,""description"":""가입자 뷰의 배치 기준일. 현재 스냅샷에 존재하는 기준일을 지정한다."",""example"":""2025-09-30""}]","select
    as_of_date,
    age_band,
    plan_id,
    plan_name,
    subscriber_count::bigint as subscriber_count,
    round(
        subscriber_count * 100.0
        / nullif(sum(subscriber_count) over (partition by age_band), 0),
        2
    ) as age_band_share_pct
from ai_operations.v_subscriber_current
where as_of_date = $1::date
order by
    array_position(
        array['8-12', '13-18', '19-24', '25-34', '35-49', '50-64', '65+'],
        age_band
    ),
    subscriber_count desc,
    plan_id;","[{""name"":""as_of_date"",""type"":""date"",""unit"":""일자"",""description"":""가입자 집계의 배치 기준일""},{""name"":""age_band"",""type"":""text"",""unit"":"""",""description"":""가입자 연령 구간""},{""name"":""plan_id"",""type"":""text"",""unit"":"""",""description"":""요금제 식별자""},{""name"":""plan_name"",""type"":""text"",""unit"":"""",""description"":""표시용 요금제 이름""},{""name"":""subscriber_count"",""type"":""bigint"",""unit"":""명"",""description"":""기준일의 해당 연령대·요금제 가입자 수""},{""name"":""age_band_share_pct"",""type"":""numeric"",""unit"":""%"",""description"":""해당 연령대 전체 가입자 중 해당 요금제 가입자 비율""}]","[""ai_operations.v_subscriber_current""]","기준일×연령대×요금제","role_operations_reader","현재 가입자 스냅샷이다. 가입일이 기준일 이하인 고객을 집계하며 취소와 요금제 변경 이력은 고려하지 않는다. 비중의 분모는 같은 연령대의 전체 가입자이다. 기준일에 해당하는 스냅샷이 없으면 결과 행이 없다."
"OPS_ANALYSIS_002","월별 고객 사용량 평균·중앙값","[{""position"":1,""name"":""start_date"",""type"":""date"",""required"":true,""description"":""조회 시작월의 첫날. 포함. end_date_exclusive보다 앞선 날짜여야 한다."",""example"":""2025-01-01""},{""position"":2,""name"":""end_date_exclusive"",""type"":""date"",""required"":true,""description"":""조회 종료 경계 월의 첫날. 제외. 1년 조회는 start_date에서 1년 뒤의 날짜를 지정한다."",""example"":""2026-01-01""}]","with months as (
    select month_start::date as calendar_month
    from generate_series(
        $1::date::timestamp,
        ($2::date - interval '1 month')::timestamp,
        interval '1 month'
    ) as m(month_start)
),
customer_month as (
    select
        calendar_month,
        analysis_user_key,
        total_usage_mb / 1024.0 as monthly_usage_gb
    from ai_operations.v_customer_monthly_usage_filtered_preagg
    where month_key >= (
        extract(year from $1::date)::integer * 10000
        + extract(month from $1::date)::integer * 100 + 1
    )
      and month_key < (
        extract(year from $2::date)::integer * 10000
        + extract(month from $2::date)::integer * 100 + 1
    )
),
monthly_stats as (
    select
        calendar_month,
        count(*) as recorded_customer_count,
        avg(monthly_usage_gb) as average_monthly_usage_gb,
        percentile_cont(0.5) within group (
            order by monthly_usage_gb
        ) as median_monthly_usage_gb
    from customer_month
    group by calendar_month
)
select
    m.calendar_month,
    coalesce(s.recorded_customer_count, 0)::bigint as recorded_customer_count,
    round(s.average_monthly_usage_gb, 2) as average_monthly_usage_gb,
    round(s.median_monthly_usage_gb::numeric, 2) as median_monthly_usage_gb
from months m
left join monthly_stats s using (calendar_month)
order by m.calendar_month;","[{""name"":""calendar_month"",""type"":""date"",""unit"":""월"",""description"":""사용량 집계 월의 첫날""},{""name"":""recorded_customer_count"",""type"":""bigint"",""unit"":""명"",""description"":""해당 월 사용량 기록이 있는 고유 고객 수""},{""name"":""average_monthly_usage_gb"",""type"":""numeric"",""unit"":""GB/명/월"",""description"":""고객별 월 총사용량의 산술 평균""},{""name"":""median_monthly_usage_gb"",""type"":""numeric"",""unit"":""GB/명/월"",""description"":""고객별 월 총사용량의 연속형 중앙값""}]","[""ai_operations.v_customer_monthly_usage_filtered_preagg""]","월","role_operations_reader","날짜는 월의 첫날이며 시작 포함·종료 제외이다. 1년 범위 입력 시 12개월을 반환한다. 고객별 월 카테고리 사용량을 숫자 키로 먼저 합산한 집계 뷰를 사용하고 month_key로 기간을 제한한다. 0 값의 기록도 포함하고 기록 없는 고객을 0으로 추가하지 않는다. 기록 없는 월은 고객 수 0, 평균·중앙값 null이다. 월별 평균·중앙값을 단순 평균하여 기간 전체 통계로 해석하지 않는다. 표시용 GB는 MB/1024이며 소수 둘째 자리까지 반올림한다."
"OPS_ANALYSIS_003","요금제별 평균사용량·기본 제공량 비교","[{""position"":1,""name"":""start_date"",""type"":""date"",""required"":true,""description"":""조회 시작월의 첫날. 포함. end_date_exclusive보다 앞선 날짜여야 한다."",""example"":""2025-01-01""},{""position"":2,""name"":""end_date_exclusive"",""type"":""date"",""required"":true,""description"":""조회 종료 경계 월의 첫날. 제외. 1년 조회는 start_date에서 1년 뒤의 날짜를 지정한다."",""example"":""2026-01-01""},{""position"":3,""name"":""as_of_date"",""type"":""date"",""required"":true,""description"":""조회 기간 전체에 공통으로 적용할 가입자 배치 기준일. 가입자 뷰의 현재 스냅샷 기준일을 지정한다."",""example"":""2025-09-30""}]","with months as (
    select month_start::date as calendar_month
    from generate_series(
        $1::date::timestamp,
        ($2::date - interval '1 month')::timestamp,
        interval '1 month'
    ) as m(month_start)
),
subscribers as (
    select
        plan_id,
        sum(subscriber_count)::bigint as subscriber_count
    from ai_operations.v_subscriber_current
    where as_of_date = $3::date
    group by plan_id
),
monthly_usage as (
    select
        calendar_month,
        plan_id,
        sum(total_usage_mb) / 1024.0 as total_usage_gb
    from ai_operations.v_monthly_usage_segment
    where calendar_month >= $1::date
      and calendar_month < $2::date
    group by calendar_month, plan_id
)
select
    m.calendar_month,
    $3::date as as_of_date,
    p.plan_id,
    p.plan_name,
    s.subscriber_count,
    round(u.total_usage_gb, 2) as total_usage_gb,
    round(
        u.total_usage_gb / nullif(s.subscriber_count, 0),
        2
    ) as average_usage_per_subscriber_gb,
    p.data_limit_gb,
    p.is_unlimited,
    case
        when not p.is_unlimited and p.data_limit_gb > 0 then
            round(
                u.total_usage_gb
                / nullif(s.subscriber_count, 0)
                / p.data_limit_gb * 100.0,
                2
            )
    end as base_allowance_usage_pct
from months m
cross join subscribers s
join dw_operations.plans p on p.plan_id = s.plan_id
left join monthly_usage u
    on u.calendar_month = m.calendar_month
   and u.plan_id = s.plan_id
order by m.calendar_month, p.monthly_fee, p.plan_id;","[{""name"":""calendar_month"",""type"":""date"",""unit"":""월"",""description"":""사용량 집계 월의 첫날""},{""name"":""as_of_date"",""type"":""date"",""unit"":""일자"",""description"":""평균의 분모로 사용하는 가입자 배치 기준일""},{""name"":""plan_id"",""type"":""text"",""unit"":"""",""description"":""요금제 식별자""},{""name"":""plan_name"",""type"":""text"",""unit"":"""",""description"":""표시용 요금제 이름""},{""name"":""subscriber_count"",""type"":""bigint"",""unit"":""명"",""description"":""기준일의 해당 요금제 전체 연령대 가입자 수""},{""name"":""total_usage_gb"",""type"":""numeric"",""unit"":""GB"",""description"":""해당 월 요금제 전체 연령대·카테고리 총사용량""},{""name"":""average_usage_per_subscriber_gb"",""type"":""numeric"",""unit"":""GB/명/월"",""description"":""해당 월 요금제 총사용량을 기준일 가입자 수로 나눈 값""},{""name"":""data_limit_gb"",""type"":""numeric"",""unit"":""GB/월"",""description"":""현재 요금제 마스터의 기본 데이터 제공량""},{""name"":""is_unlimited"",""type"":""boolean"",""unit"":"""",""description"":""무제한 데이터 요금제 여부""},{""name"":""base_allowance_usage_pct"",""type"":""numeric"",""unit"":""%"",""description"":""가입자당 평균사용량의 기본 제공량 대비 비율. 무제한 또는 유효한 제공량이 없으면 null""}]","[""ai_operations.v_monthly_usage_segment"",""ai_operations.v_subscriber_current"",""dw_operations.plans""]","월×가입자 기준일×요금제","role_operations_reader","날짜 범위는 월의 첫날이며 시작 포함·종료 제외이다. 요금제별 월 총사용량을 지정 기준일 가입자 수로 나누며 월 고유 사용 고객당 평균이 아니다. 현재 요금제로 분류된 사용량과 현재 상품 마스터를 사용한다. 조회 기간 전체에 동일 가입자 스냅샷을 적용하므로 과거 월 실제 가입자당 평균으로 해석하지 않는다. 가입자 수를 조회 기간의 월마다 합산하지 않는다. 추가 연령·공유 데이터 혜택은 기본 제공량에 포함하지 않는다. 무제한은 is_unlimited로 판단한다. 제공량 대비 비율은 실제 한도 초과 고객 비율이 아니다. 월 사용량 행이 없으면 사용량·평균·비율은 null이다. 기준일 가입자 스냅샷이 없으면 결과 행이 없다. 표시용 GB는 MB/1024이다."
"OPS_ANALYSIS_004","요금제·연령대별 콘텐츠 사용량","[{""position"":1,""name"":""start_date"",""type"":""date"",""required"":true,""description"":""조회 시작월의 첫날. 포함. end_date_exclusive보다 앞선 날짜여야 한다."",""example"":""2025-01-01""},{""position"":2,""name"":""end_date_exclusive"",""type"":""date"",""required"":true,""description"":""조회 종료 경계 월의 첫날. 제외. 1년 조회는 start_date에서 1년 뒤의 날짜를 지정한다."",""example"":""2026-01-01""}]","select
    calendar_month,
    plan_id,
    plan_name,
    age_band,
    content_category,
    total_usage_mb / 1024.0 as total_usage_gb,
    round(
        total_usage_mb * 100.0
        / nullif(
            sum(total_usage_mb) over (
                partition by calendar_month, plan_id, age_band
            ),
            0
        ),
        2
    ) as category_usage_share_pct
from ai_operations.v_monthly_usage_segment
where calendar_month >= $1::date
  and calendar_month < $2::date
order by
    calendar_month,
    plan_id,
    array_position(
        array['8-12', '13-18', '19-24', '25-34', '35-49', '50-64', '65+'],
        age_band
    ),
    total_usage_mb desc,
    content_category;","[{""name"":""calendar_month"",""type"":""date"",""unit"":""월"",""description"":""사용량 집계 월의 첫날""},{""name"":""plan_id"",""type"":""text"",""unit"":"""",""description"":""프론트 필터·집계에 사용하는 요금제 식별자""},{""name"":""plan_name"",""type"":""text"",""unit"":"""",""description"":""표시용 요금제 이름""},{""name"":""age_band"",""type"":""text"",""unit"":"""",""description"":""프론트 필터·집계에 사용하는 연령 구간""},{""name"":""content_category"",""type"":""text"",""unit"":"""",""description"":""콘텐츠 대분류""},{""name"":""total_usage_gb"",""type"":""numeric"",""unit"":""GB"",""description"":""해당 월·요금제·연령대·카테고리 총사용량. 프론트 재집계를 위해 반올림하지 않는다""},{""name"":""category_usage_share_pct"",""type"":""numeric"",""unit"":""%"",""description"":""같은 월·요금제·연령대 안의 카테고리 사용량 비중. 프론트 재집계 시 다시 계산한다""}]","[""ai_operations.v_monthly_usage_segment""]","월×요금제×연령대×콘텐츠 카테고리","role_operations_reader","날짜는 월의 첫날이며 시작 포함·종료 제외이다. 선택 기간 전체 요금제·연령대를 반환하고 프론트에서 필터링한다. 기간 변경 시 재조회하며 요금제·연령 선택만 변경하면 받은 데이터를 재사용한다. 요금제별 그래프는 연령대를, 연령대별 그래프는 요금제를 합산한다. 여러 월은 프론트에서 월별 비교 또는 기간 합산한다. category_usage_share_pct는 원래 월×요금제×연령대 안의 비중이므로 필터·집계 후 total_usage_gb를 기준으로 다시 계산한다. 비율의 합산·단순 평균은 사용하지 않는다. 사용량은 현재 요금제 기준이다. 존재하지 않는 월·고객군·카테고리 행을 0으로 추가하지 않는다. MB/1024 변환 사용량은 프론트 재집계를 위해 반올림하지 않는다."
"OPS_ANALYSIS_005","월별 고객 사용량 분포·집중도","[{""position"":1,""name"":""start_date"",""type"":""date"",""required"":true,""description"":""조회 시작월의 첫날. 포함. end_date_exclusive보다 앞선 날짜여야 한다."",""example"":""2025-01-01""},{""position"":2,""name"":""end_date_exclusive"",""type"":""date"",""required"":true,""description"":""조회 종료 경계 월의 첫날. 제외. 1년 조회는 start_date에서 1년 뒤의 날짜를 지정한다."",""example"":""2026-01-01""}]","with months as (
    select month_start::date as calendar_month
    from generate_series(
        $1::date::timestamp,
        ($2::date - interval '1 month')::timestamp,
        interval '1 month'
    ) as m(month_start)
),
customer_month as (
    select
        calendar_month,
        analysis_user_key,
        total_usage_mb / 1024.0 as monthly_usage_gb
    from ai_operations.v_customer_monthly_usage_filtered_preagg
    where month_key >= (
        extract(year from $1::date)::integer * 10000
        + extract(month from $1::date)::integer * 100 + 1
    )
      and month_key < (
        extract(year from $2::date)::integer * 10000
        + extract(month from $2::date)::integer * 100 + 1
    )
),
ranked as (
    select
        calendar_month,
        analysis_user_key,
        monthly_usage_gb,
        row_number() over (
            partition by calendar_month
            order by monthly_usage_gb desc, analysis_user_key
        ) as usage_rank,
        count(*) over (
            partition by calendar_month
        ) as total_customer_count
    from customer_month
),
buckets(bucket_no, group_label, lower_gb, upper_gb) as (
    values
        (1, '0_to_1_gb', 0::numeric, 1::numeric),
        (2, '1_to_5_gb', 1::numeric, 5::numeric),
        (3, '5_to_10_gb', 5::numeric, 10::numeric),
        (4, '10_to_30_gb', 10::numeric, 30::numeric),
        (5, '30_to_100_gb', 30::numeric, 100::numeric),
        (6, '100_gb_or_more', 100::numeric, null::numeric)
),
distribution as (
    select
        m.calendar_month,
        'distribution'::text as result_type,
        b.group_label,
        b.bucket_no as sort_order,
        count(c.analysis_user_key)::bigint as customer_count,
        coalesce(sum(c.monthly_usage_gb), 0) as total_usage_gb
    from months m
    cross join buckets b
    left join customer_month c
        on c.calendar_month = m.calendar_month
       and c.monthly_usage_gb >= b.lower_gb
       and (b.upper_gb is null or c.monthly_usage_gb < b.upper_gb)
    group by m.calendar_month, b.group_label, b.bucket_no
),
concentration as (
    select
        m.calendar_month,
        'concentration'::text as result_type,
        format('top_%s_pct', (t.ratio * 100)::integer) as group_label,
        100 + (t.ratio * 100)::integer as sort_order,
        count(r.analysis_user_key)::bigint as customer_count,
        coalesce(sum(r.monthly_usage_gb), 0) as total_usage_gb
    from months m
    cross join unnest(array[0.01, 0.10]::numeric[]) as t(ratio)
    left join ranked r
        on r.calendar_month = m.calendar_month
       and r.usage_rank <= ceil(r.total_customer_count * t.ratio)
    group by m.calendar_month, t.ratio
),
grouped as (
    select * from distribution
    union all
    select * from concentration
),
totals as (
    select
        calendar_month,
        count(*)::bigint as customer_count,
        sum(monthly_usage_gb) as total_usage_gb
    from customer_month
    group by calendar_month
)
select
    g.calendar_month,
    g.result_type,
    g.group_label,
    g.customer_count,
    round(
        g.customer_count * 100.0 / nullif(t.customer_count, 0),
        2
    ) as customer_share_pct,
    round(g.total_usage_gb, 2) as total_usage_gb,
    round(
        g.total_usage_gb * 100.0 / nullif(t.total_usage_gb, 0),
        2
    ) as usage_share_pct
from grouped g
left join totals t using (calendar_month)
order by g.calendar_month, g.sort_order;","[{""name"":""calendar_month"",""type"":""date"",""unit"":""월"",""description"":""고객별 사용량 분포·집중도를 독립 계산한 월의 첫날""},{""name"":""result_type"",""type"":""text"",""unit"":"""",""description"":""distribution은 서로 겹치지 않는 사용량 구간, concentration은 상위 누적 고객군""},{""name"":""group_label"",""type"":""text"",""unit"":"""",""description"":""0_to_1_gb, 1_to_5_gb, 5_to_10_gb, 10_to_30_gb, 30_to_100_gb, 100_gb_or_more, top_1_pct, top_10_pct""},{""name"":""customer_count"",""type"":""bigint"",""unit"":""명"",""description"":""해당 월의 사용량 구간 또는 상위 고객군에 속한 고객 수""},{""name"":""customer_share_pct"",""type"":""numeric"",""unit"":""%"",""description"":""해당 월 전체 기록 고객 중 해당 그룹 고객의 비율. 기록 고객이 없으면 null""},{""name"":""total_usage_gb"",""type"":""numeric"",""unit"":""GB"",""description"":""해당 월의 그룹 총사용량. 해당 그룹 기록이 없으면 0""},{""name"":""usage_share_pct"",""type"":""numeric"",""unit"":""%"",""description"":""해당 월 전체 사용량 중 그룹 사용량 비율. 전체 사용량이 없거나 0이면 null""}]","[""ai_operations.v_customer_monthly_usage_filtered_preagg""]","월×결과 유형×사용량 구간 또는 상위 고객군","role_operations_reader","날짜는 월의 첫날이며 시작 포함·종료 제외이다. 각 월에 6개 분포 구간과 2개 집중도 행을 반환한다. 고객별 월 카테고리 사용량을 숫자 키로 먼저 합산한 집계 뷰를 사용하고 month_key로 기간을 제한하며 기록 없는 고객을 0으로 추가하지 않는다. 분포 구간은 하한 포함·상한 제외이고 100GB 이상은 상한이 없다. 상위 1%·10%의 인원은 올림하며 동률은 가명 고객 키로 정렬한다. 올림으로 실제 고객 비중은 1%·10%와 다를 수 있다. 상위 1%는 상위 10%에 포함되므로 집중도 행을 합산하지 않는다. 각 월의 고객별 순위를 독립 계산한다. 기록 없는 월은 고객 수·사용량 0, 비중 null이다. 전체 사용량이 0이면 사용량 비중은 null이다. 표시용 GB는 MB/1024이며 순위·구간·비중을 계산한 뒤 반올림한다."
"OPS_ANALYSIS_006","가족 결합·인터넷 보유 조합","[]","with combinations(has_bundle, has_kt_internet) as (
    values
        (false, false),
        (false, true),
        (true, false),
        (true, true)
),
family_counts as (
    select
        has_bundle,
        has_kt_internet,
        count(*)::bigint as family_count
    from ai_operations.v_family_current
    group by has_bundle, has_kt_internet
)
select
    c.has_bundle,
    c.has_kt_internet,
    coalesce(f.family_count, 0)::bigint as family_count,
    round(
        coalesce(f.family_count, 0) * 100.0
        / nullif(sum(coalesce(f.family_count, 0)) over (), 0),
        2
    ) as family_share_pct
from combinations c
left join family_counts f
    on f.has_bundle = c.has_bundle
   and f.has_kt_internet = c.has_kt_internet
order by c.has_bundle, c.has_kt_internet;","[{""name"":""has_bundle"",""type"":""boolean"",""unit"":"""",""description"":""현재 가족의 결합 가입 여부""},{""name"":""has_kt_internet"",""type"":""boolean"",""unit"":"""",""description"":""현재 가족의 KT 인터넷 보유 여부""},{""name"":""family_count"",""type"":""bigint"",""unit"":""가족"",""description"":""해당 상태 조합의 가족 수""},{""name"":""family_share_pct"",""type"":""numeric"",""unit"":""%"",""description"":""현재 전체 가족 중 해당 상태 조합 가족의 비율. 전체 가족이 없으면 null""}]","[""ai_operations.v_family_current""]","결합 여부×KT 인터넷 보유 여부","role_operations_reader","날짜 컬럼이 없는 현재 가족 스냅샷이며 기간 조회는 지원하지 않는다. 4가지 조합을 반환하며 없는 조합의 가족 수는 0이다. 전체 가족이 없으면 비중은 null이다. 집계 단위는 고객·회선이 아닌 가족이다. 인터넷 보유·미결합은 검토 대상 규모이며 할인 자격 충족을 의미하지 않는다. 개별 구성원과 결합 유형은 제공하지 않는다."
