"schema_name","view_name","view_description","row_grain","grain_columns","column_position","column_name","data_type","column_description","unit","value_notes","source_expression","join_notes","limitations","db_role","query_ids"
"ai_operations","v_subscriber_current","기준일 현재 요금제·연령대별 가입자 수","기준일×현재 요금제×연령대","as_of_date|plan_id|age_band","1","as_of_date","date","가입자 현황의 배치 기준일","일자","YYYY-MM-DD","s.as_of_date","요금제 정보는 v_plan_catalog와 plan_id로 조인한다.","가입일이 기준일 이하인 고객을 집계한다. 취소와 요금제 변경 이력은 고려하지 않는다.","role_operations_reader","OPS_001|OPS_002|OPS_017|OPS_021"
"ai_operations","v_subscriber_current","기준일 현재 요금제·연령대별 가입자 수","기준일×현재 요금제×연령대","as_of_date|plan_id|age_band","2","plan_id","text","요금제 식별자","","이름 대신 조인 키로 사용","p.plan_id","요금제 정보는 v_plan_catalog와 plan_id로 조인한다.","가입일이 기준일 이하인 고객을 집계한다. 취소와 요금제 변경 이력은 고려하지 않는다.","role_operations_reader","OPS_001|OPS_002|OPS_017|OPS_021"
"ai_operations","v_subscriber_current","기준일 현재 요금제·연령대별 가입자 수","기준일×현재 요금제×연령대","as_of_date|plan_id|age_band","3","plan_name","text","요금제 이름","","표시용 이름","p.plan_name","요금제 정보는 v_plan_catalog와 plan_id로 조인한다.","가입일이 기준일 이하인 고객을 집계한다. 취소와 요금제 변경 이력은 고려하지 않는다.","role_operations_reader","OPS_001|OPS_002|OPS_017|OPS_021"
"ai_operations","v_subscriber_current","기준일 현재 요금제·연령대별 가입자 수","기준일×현재 요금제×연령대","as_of_date|plan_id|age_band","4","age_band","text","고객 연령 구간","","8-12|13-18|19-24|25-34|35-49|50-64|65+","a.age_band","요금제 정보는 v_plan_catalog와 plan_id로 조인한다.","가입일이 기준일 이하인 고객을 집계한다. 취소와 요금제 변경 이력은 고려하지 않는다.","role_operations_reader","OPS_001|OPS_002|OPS_017|OPS_021"
"ai_operations","v_subscriber_current","기준일 현재 요금제·연령대별 가입자 수","기준일×현재 요금제×연령대","as_of_date|plan_id|age_band","5","subscriber_count","integer","기준일 현재 가입 고객 수","명","subscription_start_date <= as_of_date","count(*)::integer subscriber_count","요금제 정보는 v_plan_catalog와 plan_id로 조인한다.","가입일이 기준일 이하인 고객을 집계한다. 취소와 요금제 변경 이력은 고려하지 않는다.","role_operations_reader","OPS_001|OPS_002|OPS_017|OPS_021"
"ai_operations","v_daily_usage_segment","일별 요금제·연령대·콘텐츠 카테고리 사용량","일자×현재 요금제×연령대×카테고리","calendar_date|plan_id|age_band|content_category","1","calendar_date","date","사용량 발생 일자","일자","YYYY-MM-DD","d.calendar_date","plan_id만으로 다른 사용량 뷰를 조인하면 행이 증가한다. 집계 기준 전체를 맞춘다.","현재 요금제 기준이다. usage_user_count는 카테고리별 고유 사용자 수로 카테고리 간 합산할 수 없다. 평균은 총사용량/사용자 수이다.","role_operations_reader","OPS_003|OPS_005|OPS_015"
"ai_operations","v_daily_usage_segment","일별 요금제·연령대·콘텐츠 카테고리 사용량","일자×현재 요금제×연령대×카테고리","calendar_date|plan_id|age_band|content_category","2","plan_id","text","요금제 식별자","","이름 대신 조인 키로 사용","p.plan_id","plan_id만으로 다른 사용량 뷰를 조인하면 행이 증가한다. 집계 기준 전체를 맞춘다.","현재 요금제 기준이다. usage_user_count는 카테고리별 고유 사용자 수로 카테고리 간 합산할 수 없다. 평균은 총사용량/사용자 수이다.","role_operations_reader","OPS_003|OPS_005|OPS_015"
"ai_operations","v_daily_usage_segment","일별 요금제·연령대·콘텐츠 카테고리 사용량","일자×현재 요금제×연령대×카테고리","calendar_date|plan_id|age_band|content_category","3","plan_name","text","요금제 이름","","표시용 이름","p.plan_name","plan_id만으로 다른 사용량 뷰를 조인하면 행이 증가한다. 집계 기준 전체를 맞춘다.","현재 요금제 기준이다. usage_user_count는 카테고리별 고유 사용자 수로 카테고리 간 합산할 수 없다. 평균은 총사용량/사용자 수이다.","role_operations_reader","OPS_003|OPS_005|OPS_015"
"ai_operations","v_daily_usage_segment","일별 요금제·연령대·콘텐츠 카테고리 사용량","일자×현재 요금제×연령대×카테고리","calendar_date|plan_id|age_band|content_category","4","age_band","text","고객 연령 구간","","8-12|13-18|19-24|25-34|35-49|50-64|65+","a.age_band","plan_id만으로 다른 사용량 뷰를 조인하면 행이 증가한다. 집계 기준 전체를 맞춘다.","현재 요금제 기준이다. usage_user_count는 카테고리별 고유 사용자 수로 카테고리 간 합산할 수 없다. 평균은 총사용량/사용자 수이다.","role_operations_reader","OPS_003|OPS_005|OPS_015"
"ai_operations","v_daily_usage_segment","일별 요금제·연령대·콘텐츠 카테고리 사용량","일자×현재 요금제×연령대×카테고리","calendar_date|plan_id|age_band|content_category","5","content_category","text","콘텐츠 대분류","","콘텐츠 detail과 함께 분류 키로 사용","k.content_category","plan_id만으로 다른 사용량 뷰를 조인하면 행이 증가한다. 집계 기준 전체를 맞춘다.","현재 요금제 기준이다. usage_user_count는 카테고리별 고유 사용자 수로 카테고리 간 합산할 수 없다. 평균은 총사용량/사용자 수이다.","role_operations_reader","OPS_003|OPS_005|OPS_015"
"ai_operations","v_daily_usage_segment","일별 요금제·연령대·콘텐츠 카테고리 사용량","일자×현재 요금제×연령대×카테고리","calendar_date|plan_id|age_band|content_category","6","total_usage_mb","numeric(20,3)","해당 행의 집계 기준에 따른 총 데이터 사용량","MB","집계 기준은 row_grain 참조","f.total_usage_mb","plan_id만으로 다른 사용량 뷰를 조인하면 행이 증가한다. 집계 기준 전체를 맞춘다.","현재 요금제 기준이다. usage_user_count는 카테고리별 고유 사용자 수로 카테고리 간 합산할 수 없다. 평균은 총사용량/사용자 수이다.","role_operations_reader","OPS_003|OPS_005|OPS_015"
"ai_operations","v_daily_usage_segment","일별 요금제·연령대·콘텐츠 카테고리 사용량","일자×현재 요금제×연령대×카테고리","calendar_date|plan_id|age_band|content_category","7","usage_user_count","integer","해당 기간·세그먼트·카테고리의 고유 사용 고객 수","명","카테고리 간 또는 일자 간 단순 합산 불가","f.usage_user_count","plan_id만으로 다른 사용량 뷰를 조인하면 행이 증가한다. 집계 기준 전체를 맞춘다.","현재 요금제 기준이다. usage_user_count는 카테고리별 고유 사용자 수로 카테고리 간 합산할 수 없다. 평균은 총사용량/사용자 수이다.","role_operations_reader","OPS_003|OPS_005|OPS_015"
"ai_operations","v_daily_usage_segment","일별 요금제·연령대·콘텐츠 카테고리 사용량","일자×현재 요금제×연령대×카테고리","calendar_date|plan_id|age_band|content_category","8","average_usage_mb","numeric(20,3)","해당 기간·세그먼트·카테고리의 사용 고객당 평균 사용량","MB/명","total_usage_mb / usage_user_count. 그룹 평균의 단순 평균을 피함","f.average_usage_mb","plan_id만으로 다른 사용량 뷰를 조인하면 행이 증가한다. 집계 기준 전체를 맞춘다.","현재 요금제 기준이다. usage_user_count는 카테고리별 고유 사용자 수로 카테고리 간 합산할 수 없다. 평균은 총사용량/사용자 수이다.","role_operations_reader","OPS_003|OPS_005|OPS_015"
"ai_operations","v_monthly_usage_segment","월별 요금제·연령대·콘텐츠 카테고리 사용량","월×현재 요금제×연령대×카테고리","calendar_month|plan_id|age_band|content_category","1","calendar_month","date","사용량이 속한 월의 첫날","월","date 타입의 YYYY-MM-01. YYYY-MM 문자열이 아님","d.calendar_month","plan_id만으로 다른 사용량 뷰를 조인하면 행이 증가한다. 집계 기준 전체를 맞춘다.","현재 요금제 기준이다. 월 사용자 수는 해당 월의 고유 사용자 수이며 일 사용자 수의 합이 아니다. 카테고리 간 사용자 수 합산과 평균의 단순 평균을 피한다.","role_operations_reader","OPS_004|OPS_006|OPS_022|OPS_025|OPS_026|OPS_027|OPS_028|OPS_029"
"ai_operations","v_monthly_usage_segment","월별 요금제·연령대·콘텐츠 카테고리 사용량","월×현재 요금제×연령대×카테고리","calendar_month|plan_id|age_band|content_category","2","plan_id","text","요금제 식별자","","이름 대신 조인 키로 사용","p.plan_id","plan_id만으로 다른 사용량 뷰를 조인하면 행이 증가한다. 집계 기준 전체를 맞춘다.","현재 요금제 기준이다. 월 사용자 수는 해당 월의 고유 사용자 수이며 일 사용자 수의 합이 아니다. 카테고리 간 사용자 수 합산과 평균의 단순 평균을 피한다.","role_operations_reader","OPS_004|OPS_006|OPS_022|OPS_025|OPS_026|OPS_027|OPS_028|OPS_029"
"ai_operations","v_monthly_usage_segment","월별 요금제·연령대·콘텐츠 카테고리 사용량","월×현재 요금제×연령대×카테고리","calendar_month|plan_id|age_band|content_category","3","plan_name","text","요금제 이름","","표시용 이름","p.plan_name","plan_id만으로 다른 사용량 뷰를 조인하면 행이 증가한다. 집계 기준 전체를 맞춘다.","현재 요금제 기준이다. 월 사용자 수는 해당 월의 고유 사용자 수이며 일 사용자 수의 합이 아니다. 카테고리 간 사용자 수 합산과 평균의 단순 평균을 피한다.","role_operations_reader","OPS_004|OPS_006|OPS_022|OPS_025|OPS_026|OPS_027|OPS_028|OPS_029"
"ai_operations","v_monthly_usage_segment","월별 요금제·연령대·콘텐츠 카테고리 사용량","월×현재 요금제×연령대×카테고리","calendar_month|plan_id|age_band|content_category","4","age_band","text","고객 연령 구간","","8-12|13-18|19-24|25-34|35-49|50-64|65+","a.age_band","plan_id만으로 다른 사용량 뷰를 조인하면 행이 증가한다. 집계 기준 전체를 맞춘다.","현재 요금제 기준이다. 월 사용자 수는 해당 월의 고유 사용자 수이며 일 사용자 수의 합이 아니다. 카테고리 간 사용자 수 합산과 평균의 단순 평균을 피한다.","role_operations_reader","OPS_004|OPS_006|OPS_022|OPS_025|OPS_026|OPS_027|OPS_028|OPS_029"
"ai_operations","v_monthly_usage_segment","월별 요금제·연령대·콘텐츠 카테고리 사용량","월×현재 요금제×연령대×카테고리","calendar_month|plan_id|age_band|content_category","5","content_category","text","콘텐츠 대분류","","콘텐츠 detail과 함께 분류 키로 사용","k.content_category","plan_id만으로 다른 사용량 뷰를 조인하면 행이 증가한다. 집계 기준 전체를 맞춘다.","현재 요금제 기준이다. 월 사용자 수는 해당 월의 고유 사용자 수이며 일 사용자 수의 합이 아니다. 카테고리 간 사용자 수 합산과 평균의 단순 평균을 피한다.","role_operations_reader","OPS_004|OPS_006|OPS_022|OPS_025|OPS_026|OPS_027|OPS_028|OPS_029"
"ai_operations","v_monthly_usage_segment","월별 요금제·연령대·콘텐츠 카테고리 사용량","월×현재 요금제×연령대×카테고리","calendar_month|plan_id|age_band|content_category","6","total_usage_mb","numeric(20,3)","해당 행의 집계 기준에 따른 총 데이터 사용량","MB","집계 기준은 row_grain 참조","f.total_usage_mb","plan_id만으로 다른 사용량 뷰를 조인하면 행이 증가한다. 집계 기준 전체를 맞춘다.","현재 요금제 기준이다. 월 사용자 수는 해당 월의 고유 사용자 수이며 일 사용자 수의 합이 아니다. 카테고리 간 사용자 수 합산과 평균의 단순 평균을 피한다.","role_operations_reader","OPS_004|OPS_006|OPS_022|OPS_025|OPS_026|OPS_027|OPS_028|OPS_029"
"ai_operations","v_monthly_usage_segment","월별 요금제·연령대·콘텐츠 카테고리 사용량","월×현재 요금제×연령대×카테고리","calendar_month|plan_id|age_band|content_category","7","usage_user_count","integer","해당 기간·세그먼트·카테고리의 고유 사용 고객 수","명","카테고리 간 또는 일자 간 단순 합산 불가","f.usage_user_count","plan_id만으로 다른 사용량 뷰를 조인하면 행이 증가한다. 집계 기준 전체를 맞춘다.","현재 요금제 기준이다. 월 사용자 수는 해당 월의 고유 사용자 수이며 일 사용자 수의 합이 아니다. 카테고리 간 사용자 수 합산과 평균의 단순 평균을 피한다.","role_operations_reader","OPS_004|OPS_006|OPS_022|OPS_025|OPS_026|OPS_027|OPS_028|OPS_029"
"ai_operations","v_monthly_usage_segment","월별 요금제·연령대·콘텐츠 카테고리 사용량","월×현재 요금제×연령대×카테고리","calendar_month|plan_id|age_band|content_category","8","average_usage_mb","numeric(20,3)","해당 기간·세그먼트·카테고리의 사용 고객당 평균 사용량","MB/명","total_usage_mb / usage_user_count. 그룹 평균의 단순 평균을 피함","f.average_usage_mb","plan_id만으로 다른 사용량 뷰를 조인하면 행이 증가한다. 집계 기준 전체를 맞춘다.","현재 요금제 기준이다. 월 사용자 수는 해당 월의 고유 사용자 수이며 일 사용자 수의 합이 아니다. 카테고리 간 사용자 수 합산과 평균의 단순 평균을 피한다.","role_operations_reader","OPS_004|OPS_006|OPS_022|OPS_025|OPS_026|OPS_027|OPS_028|OPS_029"
"ai_operations","v_customer_daily_usage","가명 고객별 일 총사용량","가명 고객×일자","analysis_user_key|calendar_date","1","analysis_user_key","text","운영 영역의 HMAC 가명 고객 키","","개인화 user_id와 직접 대응하지 않음","c.analysis_user_key","운영 고객 뷰끼리 analysis_user_key를 사용한다. 개인화 user_id와 직접 조인할 수 없다.","콘텐츠 detail과 고객 이름은 제공하지 않는다. 원천 사용량 행이 없는 날짜는 행이 없다.","role_operations_reader","OPS_007|OPS_008|OPS_013|OPS_019|OPS_024"
"ai_operations","v_customer_daily_usage","가명 고객별 일 총사용량","가명 고객×일자","analysis_user_key|calendar_date","2","calendar_date","date","사용량 발생 일자","일자","YYYY-MM-DD","d.calendar_date","운영 고객 뷰끼리 analysis_user_key를 사용한다. 개인화 user_id와 직접 조인할 수 없다.","콘텐츠 detail과 고객 이름은 제공하지 않는다. 원천 사용량 행이 없는 날짜는 행이 없다.","role_operations_reader","OPS_007|OPS_008|OPS_013|OPS_019|OPS_024"
"ai_operations","v_customer_daily_usage","가명 고객별 일 총사용량","가명 고객×일자","analysis_user_key|calendar_date","3","total_usage_mb","numeric(18,3)","해당 행의 집계 기준에 따른 총 데이터 사용량","MB","집계 기준은 row_grain 참조","f.total_usage_mb","운영 고객 뷰끼리 analysis_user_key를 사용한다. 개인화 user_id와 직접 조인할 수 없다.","콘텐츠 detail과 고객 이름은 제공하지 않는다. 원천 사용량 행이 없는 날짜는 행이 없다.","role_operations_reader","OPS_007|OPS_008|OPS_013|OPS_019|OPS_024"
"ai_operations","v_customer_monthly_category_usage","가명 고객별 월 콘텐츠 카테고리 사용량","가명 고객×월×카테고리","analysis_user_key|calendar_month|content_category","1","analysis_user_key","text","운영 영역의 HMAC 가명 고객 키","","개인화 user_id와 직접 대응하지 않음","c.analysis_user_key","운영 고객 뷰끼리 analysis_user_key로 조인하며 월과 카테고리도 맞춘다. 개인화 user_id와 직접 조인할 수 없다.","콘텐츠 detail과 고객 이름은 제공하지 않는다.","role_operations_reader","OPS_009|OPS_018|OPS_020|OPS_030"
"ai_operations","v_customer_monthly_category_usage","가명 고객별 월 콘텐츠 카테고리 사용량","가명 고객×월×카테고리","analysis_user_key|calendar_month|content_category","2","calendar_month","date","사용량이 속한 월의 첫날","월","date 타입의 YYYY-MM-01. YYYY-MM 문자열이 아님","d.calendar_month","운영 고객 뷰끼리 analysis_user_key로 조인하며 월과 카테고리도 맞춘다. 개인화 user_id와 직접 조인할 수 없다.","콘텐츠 detail과 고객 이름은 제공하지 않는다.","role_operations_reader","OPS_009|OPS_018|OPS_020|OPS_030"
"ai_operations","v_customer_monthly_category_usage","가명 고객별 월 콘텐츠 카테고리 사용량","가명 고객×월×카테고리","analysis_user_key|calendar_month|content_category","3","content_category","text","콘텐츠 대분류","","콘텐츠 detail과 함께 분류 키로 사용","k.content_category","운영 고객 뷰끼리 analysis_user_key로 조인하며 월과 카테고리도 맞춘다. 개인화 user_id와 직접 조인할 수 없다.","콘텐츠 detail과 고객 이름은 제공하지 않는다.","role_operations_reader","OPS_009|OPS_018|OPS_020|OPS_030"
"ai_operations","v_customer_monthly_category_usage","가명 고객별 월 콘텐츠 카테고리 사용량","가명 고객×월×카테고리","analysis_user_key|calendar_month|content_category","4","total_usage_mb","numeric(18,3)","해당 행의 집계 기준에 따른 총 데이터 사용량","MB","집계 기준은 row_grain 참조","f.total_usage_mb","운영 고객 뷰끼리 analysis_user_key로 조인하며 월과 카테고리도 맞춘다. 개인화 user_id와 직접 조인할 수 없다.","콘텐츠 detail과 고객 이름은 제공하지 않는다.","role_operations_reader","OPS_009|OPS_018|OPS_020|OPS_030"
"ai_operations","v_family_current","가명 가족별 구성원 수와 결합·인터넷 상태","가명 가족","analysis_family_key","1","analysis_family_key","text","운영 영역의 HMAC 가명 가족 키","","개인화 family_id와 직접 대응하지 않음","f.analysis_family_key","가족 키로 가족 단위 정보를 연결한다. 운영 고객 사용량 뷰에는 가족 키가 없다.","구성원 수는 현재 고객 차원의 가족 소속 고객 수이다. 개별 구성원과 결합 유형은 노출하지 않는다.","role_operations_reader","OPS_010|OPS_023"
"ai_operations","v_family_current","가명 가족별 구성원 수와 결합·인터넷 상태","가명 가족","analysis_family_key","2","member_count","integer","현재 고객 차원에서 가족에 소속된 고객 수","명","가족에 소속된 고객 차원 행 수","x.member_count","가족 키로 가족 단위 정보를 연결한다. 운영 고객 사용량 뷰에는 가족 키가 없다.","구성원 수는 현재 고객 차원의 가족 소속 고객 수이다. 개별 구성원과 결합 유형은 노출하지 않는다.","role_operations_reader","OPS_010|OPS_023"
"ai_operations","v_family_current","가명 가족별 구성원 수와 결합·인터넷 상태","가명 가족","analysis_family_key","3","has_bundle","boolean","가족의 결합 가입 여부","","boolean","x.has_bundle","가족 키로 가족 단위 정보를 연결한다. 운영 고객 사용량 뷰에는 가족 키가 없다.","구성원 수는 현재 고객 차원의 가족 소속 고객 수이다. 개별 구성원과 결합 유형은 노출하지 않는다.","role_operations_reader","OPS_010|OPS_023"
"ai_operations","v_family_current","가명 가족별 구성원 수와 결합·인터넷 상태","가명 가족","analysis_family_key","4","has_kt_internet","boolean","가족의 KT 인터넷 보유 여부","","boolean","x.has_kt_internet","가족 키로 가족 단위 정보를 연결한다. 운영 고객 사용량 뷰에는 가족 키가 없다.","구성원 수는 현재 고객 차원의 가족 소속 고객 수이다. 개별 구성원과 결합 유형은 노출하지 않는다.","role_operations_reader","OPS_010|OPS_023"
"ai_operations","v_service_current","서비스별 현재 고객 서비스 행 수","서비스","service_id","1","service_id","text","부가 서비스 식별자","","서비스 조인 키","s.service_id","서비스별 한 행이다. 서비스 이름 대신 service_id를 사용한다.","customer_count는 count(*)이다. 동일 고객·서비스의 혜택 유형이 다르면 여러 번 집계될 수 있어 고유 고객 수로 해석하지 않는다. 시작일이 기준일 이하인 원천을 사용하며 종료일 정보는 없다.","role_operations_reader","OPS_011"
"ai_operations","v_service_current","서비스별 현재 고객 서비스 행 수","서비스","service_id","2","service_name","text","부가 서비스 이름","","표시용 이름","s.service_name","서비스별 한 행이다. 서비스 이름 대신 service_id를 사용한다.","customer_count는 count(*)이다. 동일 고객·서비스의 혜택 유형이 다르면 여러 번 집계될 수 있어 고유 고객 수로 해석하지 않는다. 시작일이 기준일 이하인 원천을 사용하며 종료일 정보는 없다.","role_operations_reader","OPS_011"
"ai_operations","v_service_current","서비스별 현재 고객 서비스 행 수","서비스","service_id","3","service_category","text","부가 서비스 분류","","원천 서비스 분류","s.service_category","서비스별 한 행이다. 서비스 이름 대신 service_id를 사용한다.","customer_count는 count(*)이다. 동일 고객·서비스의 혜택 유형이 다르면 여러 번 집계될 수 있어 고유 고객 수로 해석하지 않는다. 시작일이 기준일 이하인 원천을 사용하며 종료일 정보는 없다.","role_operations_reader","OPS_011"
"ai_operations","v_service_current","서비스별 현재 고객 서비스 행 수","서비스","service_id","4","customer_count","integer","해당 서비스의 현재 고객·서비스·혜택 유형 행 수","건","서비스와 할인 뷰별 해석이 다르므로 limitations 참조","count(*)::integer customer_count","서비스별 한 행이다. 서비스 이름 대신 service_id를 사용한다.","customer_count는 count(*)이다. 동일 고객·서비스의 혜택 유형이 다르면 여러 번 집계될 수 있어 고유 고객 수로 해석하지 않는다. 시작일이 기준일 이하인 원천을 사용하며 종료일 정보는 없다.","role_operations_reader","OPS_011"
"ai_operations","v_discount_current","할인별 현재 적용 고객 수","할인","discount_id","1","discount_id","text","할인 식별자","","할인 조인 키","d.discount_id","할인별 한 행이다. 할인 이름 대신 discount_id를 사용한다.","ACTIVE이며 기준일에 유효한 할인을 사용한다. 고객은 여러 할인을 가질 수 있어 할인 간 고객 수를 합산하면 중복될 수 있다.","role_operations_reader","OPS_012"
"ai_operations","v_discount_current","할인별 현재 적용 고객 수","할인","discount_id","2","discount_name","text","할인 이름","","표시용 이름","d.discount_name","할인별 한 행이다. 할인 이름 대신 discount_id를 사용한다.","ACTIVE이며 기준일에 유효한 할인을 사용한다. 고객은 여러 할인을 가질 수 있어 할인 간 고객 수를 합산하면 중복될 수 있다.","role_operations_reader","OPS_012"
"ai_operations","v_discount_current","할인별 현재 적용 고객 수","할인","discount_id","3","policy_domain","text","할인 정책 영역","","원천 정책 영역","d.policy_domain","할인별 한 행이다. 할인 이름 대신 discount_id를 사용한다.","ACTIVE이며 기준일에 유효한 할인을 사용한다. 고객은 여러 할인을 가질 수 있어 할인 간 고객 수를 합산하면 중복될 수 있다.","role_operations_reader","OPS_012"
"ai_operations","v_discount_current","할인별 현재 적용 고객 수","할인","discount_id","4","customer_count","integer","해당 할인이 현재 적용된 고유 고객 수","명","서비스와 할인 뷰별 해석이 다르므로 limitations 참조","count(*)::integer customer_count","할인별 한 행이다. 할인 이름 대신 discount_id를 사용한다.","ACTIVE이며 기준일에 유효한 할인을 사용한다. 고객은 여러 할인을 가질 수 있어 할인 간 고객 수를 합산하면 중복될 수 있다.","role_operations_reader","OPS_012"
"ai_operations","v_plan_catalog","현재 운영 요금제 목록","요금제","plan_id","1","plan_id","text","요금제 식별자","","이름 대신 조인 키로 사용","plan_id","운영 사용량·가입자 뷰와 plan_id로 조인한다. 연령별 혜택은 요금제당 여러 행이다.","현재 마스터만 제공하며 요금제 이력은 없다.","role_operations_reader","OPS_014"
"ai_operations","v_plan_catalog","현재 운영 요금제 목록","요금제","plan_id","2","plan_name","text","요금제 이름","","표시용 이름","plan_name","운영 사용량·가입자 뷰와 plan_id로 조인한다. 연령별 혜택은 요금제당 여러 행이다.","현재 마스터만 제공하며 요금제 이력은 없다.","role_operations_reader","OPS_014"
"ai_operations","v_plan_catalog","현재 운영 요금제 목록","요금제","plan_id","3","plan_family","text","요금제 계열","","원천 요금제 계열","plan_family","운영 사용량·가입자 뷰와 plan_id로 조인한다. 연령별 혜택은 요금제당 여러 행이다.","현재 마스터만 제공하며 요금제 이력은 없다.","role_operations_reader","OPS_014"
"ai_operations","v_plan_catalog","현재 운영 요금제 목록","요금제","plan_id","4","plan_category","text","요금제 분류","","원천 요금제 분류","plan_category","운영 사용량·가입자 뷰와 plan_id로 조인한다. 연령별 혜택은 요금제당 여러 행이다.","현재 마스터만 제공하며 요금제 이력은 없다.","role_operations_reader","OPS_014"
"ai_operations","v_plan_catalog","현재 운영 요금제 목록","요금제","plan_id","5","monthly_fee","numeric(12,2)","요금제 월 기본요금","원/월","할인 적용 후 실청구액이 아님","monthly_fee","운영 사용량·가입자 뷰와 plan_id로 조인한다. 연령별 혜택은 요금제당 여러 행이다.","현재 마스터만 제공하며 요금제 이력은 없다.","role_operations_reader","OPS_014"
"ai_operations","v_plan_catalog","현재 운영 요금제 목록","요금제","plan_id","6","data_limit_gb","numeric(10,2)","요금제의 기본 데이터 제공량","GB","null 허용. 무제한 여부는 is_unlimited로 판단","data_limit_gb","운영 사용량·가입자 뷰와 plan_id로 조인한다. 연령별 혜택은 요금제당 여러 행이다.","현재 마스터만 제공하며 요금제 이력은 없다.","role_operations_reader","OPS_014"
"ai_operations","v_plan_catalog","현재 운영 요금제 목록","요금제","plan_id","7","is_unlimited","boolean","요금제 데이터 무제한 여부","","boolean","is_unlimited","운영 사용량·가입자 뷰와 plan_id로 조인한다. 연령별 혜택은 요금제당 여러 행이다.","현재 마스터만 제공하며 요금제 이력은 없다.","role_operations_reader","OPS_014"
"ai_operations","v_plan_age_benefits","요금제별 연령 조건부 추가 혜택","요금제×연령 혜택","plan_id|age_benefit_id","1","plan_id","text","요금제 식별자","","이름 대신 조인 키로 사용","p.plan_id","v_plan_catalog와 plan_id로 조인한다. 요금제당 여러 연령 혜택이 있어 요금제 행 수가 증가한다.","연령 하한·상한은 숫자이다. max_age가 null이면 상한이 없다. 운영 고객 뷰는 정확한 나이 대신 연령대를 제공한다.","role_operations_reader","OPS_016"
"ai_operations","v_plan_age_benefits","요금제별 연령 조건부 추가 혜택","요금제×연령 혜택","plan_id|age_benefit_id","2","plan_name","text","요금제 이름","","표시용 이름","p.plan_name","v_plan_catalog와 plan_id로 조인한다. 요금제당 여러 연령 혜택이 있어 요금제 행 수가 증가한다.","연령 하한·상한은 숫자이다. max_age가 null이면 상한이 없다. 운영 고객 뷰는 정확한 나이 대신 연령대를 제공한다.","role_operations_reader","OPS_016"
"ai_operations","v_plan_age_benefits","요금제별 연령 조건부 추가 혜택","요금제×연령 혜택","plan_id|age_benefit_id","3","age_benefit_id","text","연령 혜택 식별자","","plan_id와 함께 연령 혜택 행 식별","a.age_benefit_id","v_plan_catalog와 plan_id로 조인한다. 요금제당 여러 연령 혜택이 있어 요금제 행 수가 증가한다.","연령 하한·상한은 숫자이다. max_age가 null이면 상한이 없다. 운영 고객 뷰는 정확한 나이 대신 연령대를 제공한다.","role_operations_reader","OPS_016"
"ai_operations","v_plan_age_benefits","요금제별 연령 조건부 추가 혜택","요금제×연령 혜택","plan_id|age_benefit_id","4","benefit_name","text","연령 혜택 이름","","표시용 이름","a.benefit_name","v_plan_catalog와 plan_id로 조인한다. 요금제당 여러 연령 혜택이 있어 요금제 행 수가 증가한다.","연령 하한·상한은 숫자이다. max_age가 null이면 상한이 없다. 운영 고객 뷰는 정확한 나이 대신 연령대를 제공한다.","role_operations_reader","OPS_016"
"ai_operations","v_plan_age_benefits","요금제별 연령 조건부 추가 혜택","요금제×연령 혜택","plan_id|age_benefit_id","5","min_age","numeric(5,1)","혜택 적용 연령 하한","세","numeric(5,1)","a.min_age","v_plan_catalog와 plan_id로 조인한다. 요금제당 여러 연령 혜택이 있어 요금제 행 수가 증가한다.","연령 하한·상한은 숫자이다. max_age가 null이면 상한이 없다. 운영 고객 뷰는 정확한 나이 대신 연령대를 제공한다.","role_operations_reader","OPS_016"
"ai_operations","v_plan_age_benefits","요금제별 연령 조건부 추가 혜택","요금제×연령 혜택","plan_id|age_benefit_id","6","max_age","numeric(5,1)","혜택 적용 연령 상한","세","null이면 상한 없음. 070 마이그레이션 반영","a.max_age","v_plan_catalog와 plan_id로 조인한다. 요금제당 여러 연령 혜택이 있어 요금제 행 수가 증가한다.","연령 하한·상한은 숫자이다. max_age가 null이면 상한이 없다. 운영 고객 뷰는 정확한 나이 대신 연령대를 제공한다.","role_operations_reader","OPS_016"
"ai_operations","v_plan_age_benefits","요금제별 연령 조건부 추가 혜택","요금제×연령 혜택","plan_id|age_benefit_id","7","bonus_data_gb","numeric(10,2)","연령 혜택으로 추가 제공하는 데이터","GB","null 허용. null을 0으로 단정하지 않음","b.bonus_data_gb","v_plan_catalog와 plan_id로 조인한다. 요금제당 여러 연령 혜택이 있어 요금제 행 수가 증가한다.","연령 하한·상한은 숫자이다. max_age가 null이면 상한이 없다. 운영 고객 뷰는 정확한 나이 대신 연령대를 제공한다.","role_operations_reader","OPS_016"
"ai_operations","v_plan_age_benefits","요금제별 연령 조건부 추가 혜택","요금제×연령 혜택","plan_id|age_benefit_id","8","bonus_shared_data_gb","numeric(10,2)","연령 혜택으로 추가 제공하는 공유 데이터","GB","null 허용","b.bonus_shared_data_gb","v_plan_catalog와 plan_id로 조인한다. 요금제당 여러 연령 혜택이 있어 요금제 행 수가 증가한다.","연령 하한·상한은 숫자이다. max_age가 null이면 상한이 없다. 운영 고객 뷰는 정확한 나이 대신 연령대를 제공한다.","role_operations_reader","OPS_016"
"ai_operations","v_plan_age_benefits","요금제별 연령 조건부 추가 혜택","요금제×연령 혜택","plan_id|age_benefit_id","9","bonus_voice_minutes","numeric(10,1)","연령 혜택으로 추가 제공하는 음성 통화","분","null 허용","b.bonus_voice_minutes","v_plan_catalog와 plan_id로 조인한다. 요금제당 여러 연령 혜택이 있어 요금제 행 수가 증가한다.","연령 하한·상한은 숫자이다. max_age가 null이면 상한이 없다. 운영 고객 뷰는 정확한 나이 대신 연령대를 제공한다.","role_operations_reader","OPS_016"
"ai_operations","v_plan_age_benefits","요금제별 연령 조건부 추가 혜택","요금제×연령 혜택","plan_id|age_benefit_id","10","bonus_sms_count","numeric(10,1)","연령 혜택으로 추가 제공하는 문자","건","null 허용","b.bonus_sms_count","v_plan_catalog와 plan_id로 조인한다. 요금제당 여러 연령 혜택이 있어 요금제 행 수가 증가한다.","연령 하한·상한은 숫자이다. max_age가 null이면 상한이 없다. 운영 고객 뷰는 정확한 나이 대신 연령대를 제공한다.","role_operations_reader","OPS_016"
"ai_operations","v_plan_age_benefits","요금제별 연령 조건부 추가 혜택","요금제×연령 혜택","plan_id|age_benefit_id","11","bonus_video_minutes","numeric(10,1)","연령 혜택으로 추가 제공하는 영상 통화","분","null 허용","b.bonus_video_minutes","v_plan_catalog와 plan_id로 조인한다. 요금제당 여러 연령 혜택이 있어 요금제 행 수가 증가한다.","연령 하한·상한은 숫자이다. max_age가 null이면 상한이 없다. 운영 고객 뷰는 정확한 나이 대신 연령대를 제공한다.","role_operations_reader","OPS_016"
